{"monkey_command": ["adb", "shell", "monkey", "-p", "com.example.android.lifecycle", "--throttle", "1000", "-v", "-v", " --pct-touch ", "100", "1000"], "monkey_output": [], "monkey_running_time": 507.17, "monkey_seed": "1594839571418", "monkey_event_count": 1000, "interactions": [{"launch": "com.example.android.lifecycle/.ActivityA", "count": 0}, {"id": "com.example.android.lifecycle:id/btn_start_dialog", "activity": "com.example.android.lifecycle/com.example.android.lifecycle.ActivityA", "coords": {"x": 875.4998800000001, "y": 430.295625}, "count": 4}, {"id": "com.example.android.lifecycle:id/btn_start_c", "activity": "com.example.android.lifecycle/com.example.android.lifecycle.ActivityA", "coords": {"x": 370.873825, "y": 446.451325}, "count": 10}, {"id": "com.example.android.lifecycle:id/btn_start_dialog", "activity": "com.example.android.lifecycle/com.example.android.lifecycle.ActivityC", "coords": {"x": 895.7536299999999, "y": 363.90001}, "count": 92}, {"id": "com.example.android.lifecycle:id/btn_start_b", "activity": "com.example.android.lifecycle/com.example.android.lifecycle.ActivityC", "coords": {"x": 398.473635, "y": 378.015075}, "count": 130}, {"id": "com.example.android.lifecycle:id/btn_finish_b", "activity": "com.example.android.lifecycle/com.example.android.lifecycle.ActivityB", "coords": {"x": 685.200225, "y": 392.17245}, "count": 144}, {"id": "com.example.android.lifecycle:id/btn_start_b", "activity": "com.example.android.lifecycle/com.example.android.lifecycle.ActivityC", "coords": {"x": 476.83466999999996, "y": 482.98519999999996}, "count": 152}, {"id": "com.example.android.lifecycle:id/btn_start_a", "activity": "com.example.android.lifecycle/com.example.android.lifecycle.ActivityB", "coords": {"x": 271.464675, "y": 414.99933}, "count": 164}, {"id": "com.example.android.lifecycle:id/btn_start_c", "activity": "com.example.android.lifecycle/com.example.android.lifecycle.ActivityA", "coords": {"x": 461.78932, "y": 450.19568000000004}, "count": 168}, {"id": "com.example.android.lifecycle:id/btn_start_dialog", "activity": "com.example.android.lifecycle/com.example.android.lifecycle.ActivityC", "coords": {"x": 985.98365, "y": 443.962935}, "count": 196}, {"id": "com.example.android.lifecycle:id/btn_start_b", "activity": "com.example.android.lifecycle/com.example.android.lifecycle.ActivityC", "coords": {"x": 522.90275, "y": 437.28528}, "count": 250}, {"id": "com.example.android.lifecycle:id/btn_finish_b", "activity": "com.example.android.lifecycle/com.example.android.lifecycle.ActivityB", "coords": {"x": 553.9375299999999, "y": 421.92205}, "count": 264}, {"id": "com.example.android.lifecycle:id/btn_start_a", "activity": "com.example.android.lifecycle/com.example.android.lifecycle.ActivityC", "coords": {"x": 287.3026, "y": 374.4172}, "count": 280}, {"id": "com.example.android.lifecycle:id/btn_start_c", "activity": "com.example.android.lifecycle/com.example.android.lifecycle.ActivityA", "coords": {"x": 530.92218, "y": 419.064425}, "count": 290}, {"id": "com.example.android.lifecycle:id/btn_finish_c", "activity": "com.example.android.lifecycle/com.example.android.lifecycle.ActivityC", "coords": {"x": 748.46408, "y": 399.77930000000003}, "count": 348}, {"id": "com.example.android.lifecycle:id/btn_finish_a", "activity": "com.example.android.lifecycle/com.example.android.lifecycle.ActivityA", "coords": {"x": 577.2271000000001, "y": 367.50149999999996}, "count": 352}, {"id": "com.example.android.lifecycle:id/btn_start_b", "activity": "com.example.android.lifecycle/com.example.android.lifecycle.ActivityC", "coords": {"x": 516.68445, "y": 457.87065}, "count": 378}, {"id": "com.example.android.lifecycle:id/btn_start_dialog", "activity": "com.example.android.lifecycle/com.example.android.lifecycle.ActivityB", "coords": {"x": 834.34245, "y": 366.5591}, "count": 420}, {"id": "com.example.android.lifecycle:id/btn_start_a", "activity": "com.example.android.lifecycle/com.example.android.lifecycle.ActivityB", "coords": {"x": 214.961225, "y": 466.04669}, "count": 440}, {"id": "com.example.android.lifecycle:id/btn_finish_a", "activity": "com.example.android.lifecycle/com.example.android.lifecycle.ActivityA", "coords": {"x": 588.8972, "y": 472.017135}, "count": 460}, {"id": "com.example.android.lifecycle:id/btn_start_dialog", "activity": "com.example.android.lifecycle/com.example.android.lifecycle.ActivityB", "coords": {"x": 919.6354699999999, "y": 479.514985}, "count": 482}, {"id": "com.example.android.lifecycle:id/btn_finish_b", "activity": "com.example.android.lifecycle/com.example.android.lifecycle.ActivityB", "coords": {"x": 614.62205, "y": 490.56678999999997}, "count": 522}, {"id": "com.example.android.lifecycle:id/btn_finish_c", "activity": "com.example.android.lifecycle/com.example.android.lifecycle.ActivityC", "coords": {"x": 743.25708, "y": 449.19002}, "count": 568}, {"id": "com.example.android.lifecycle:id/btn_start_c", "activity": "com.example.android.lifecycle/com.example.android.lifecycle.ActivityA", "coords": {"x": 465.652785, "y": 480.6006}, "count": 628}, {"id": "com.example.android.lifecycle:id/btn_start_dialog", "activity": "com.example.android.lifecycle/com.example.android.lifecycle.ActivityC", "coords": {"x": 812.313935, "y": 376.88118}, "count": 652}, {"id": "com.example.android.lifecycle:id/btn_start_a", "activity": "com.example.android.lifecycle/com.example.android.lifecycle.ActivityC", "coords": {"x": 113.33703, "y": 377.36986}, "count": 712}, {"id": "com.example.android.lifecycle:id/btn_start_dialog", "activity": "com.example.android.lifecycle/com.example.android.lifecycle.ActivityA", "coords": {"x": 913.91605, "y": 487.17421}, "count": 772}, {"id": "com.example.android.lifecycle:id/btn_start_c", "activity": "com.example.android.lifecycle/com.example.android.lifecycle.ActivityA", "coords": {"x": 370.81784, "y": 429.00714}, "count": 778}, {"id": "com.example.android.lifecycle:id/btn_finish_c", "activity": "com.example.android.lifecycle/com.example.android.lifecycle.ActivityC", "coords": {"x": 637.27815, "y": 482.46292}, "count": 788}, {"id": "com.example.android.lifecycle:id/btn_finish_a", "activity": "com.example.android.lifecycle/com.example.android.lifecycle.ActivityA", "coords": {"x": 728.74753, "y": 400.16693}, "count": 808}, {"id": "com.example.android.lifecycle:id/btn_finish_c", "activity": "com.example.android.lifecycle/com.example.android.lifecycle.ActivityC", "coords": {"x": 764.048675, "y": 386.70929}, "count": 812}, {"id": "com.example.android.lifecycle:id/btn_start_dialog", "activity": "com.example.android.lifecycle/com.example.android.lifecycle.ActivityA", "coords": {"x": 932.9065499999999, "y": 427.6932}, "count": 828}, {"id": "com.example.android.lifecycle:id/btn_finish_a", "activity": "com.example.android.lifecycle/com.example.android.lifecycle.ActivityA", "coords": {"x": 586.9914249999999, "y": 449.00559999999996}, "count": 850}, {"id": "com.example.android.lifecycle:id/btn_start_dialog", "activity": "com.example.android.lifecycle/com.example.android.lifecycle.ActivityB", "coords": {"x": 965.1874, "y": 476.23733500000003}, "count": 888}, {"id": "com.example.android.lifecycle:id/btn_start_a", "activity": "com.example.android.lifecycle/com.example.android.lifecycle.ActivityB", "coords": {"x": 140.172, "y": 378.5386}, "count": 900}, {"id": "com.example.android.lifecycle:id/btn_finish_a", "activity": "com.example.android.lifecycle/com.example.android.lifecycle.ActivityA", "coords": {"x": 590.8594499999999, "y": 444.50975}, "count": 960}, {"id": "com.example.android.lifecycle:id/btn_start_dialog", "activity": "com.example.android.lifecycle/com.example.android.lifecycle.ActivityB", "coords": {"x": 830.6468199999999, "y": 388.554}, "count": 966}], "total_running_time": 1753.92}