{
  "monkey_command": [
    "adb",
    "shell",
    "monkey",
    "-p",
    "com.example.android.lifecycle",
    "-s",
    "1593902636606",
    "--throttle",
    "500",
    "-v",
    "-v",
    " --pct-touch ",
    "100",
    "1000"
  ],
  "monkey_output": [],
  "monkey_running_time": 258.86,
  "monkey_seed": "1593902636606",
  "monkey_event_count": 1000,
  "interactions": [
    {
      "launch": "com.example.android.lifecycle/.ActivityA",
      "count": 0
    },
    {
      "id": "com.example.android.lifecycle:id/btn_start_c",
      "activity": "com.example.android.lifecycle/com.example.android.lifecycle.ActivityA",
      "coords": {
        "x": 379.61055,
        "y": 465.7235
      },
      "count": 8
    },
    {
      "id": "com.example.android.lifecycle:id/btn_start_b",
      "activity": "com.example.android.lifecycle/com.example.android.lifecycle.ActivityC",
      "coords": {
        "x": 419.256075,
        "y": 443.05632
      },
      "count": 18
    },
    {
      "id": "com.example.android.lifecycle:id/btn_start_dialog",
      "activity": "com.example.android.lifecycle/com.example.android.lifecycle.ActivityB",
      "coords": {
        "x": 846.68448,
        "y": 530.4911
      },
      "count": 44
    },
    {
      "id": "com.example.android.lifecycle:id/btn_start_dialog",
      "activity": "com.example.android.lifecycle/com.example.android.lifecycle.ActivityB",
      "coords": {
        "x": 883.1705999999999,
        "y": 516.095915
      },
      "count": 110
    },
    {
      "id": "com.example.android.lifecycle:id/btn_start_dialog",
      "activity": "com.example.android.lifecycle/com.example.android.lifecycle.ActivityC",
      "coords": {
        "x": 886.9630999999999,
        "y": 484.946975
      },
      "count": 148
    },
    {
      "id": "com.example.android.lifecycle:id/btn_start_c",
      "activity": "com.example.android.lifecycle/com.example.android.lifecycle.ActivityA",
      "coords": {
        "x": 312.47238,
        "y": 443.45851
      },
      "count": 174
    },
    {
      "id": "com.example.android.lifecycle:id/btn_start_dialog",
      "activity": "com.example.android.lifecycle/com.example.android.lifecycle.ActivityC",
      "coords": {
        "x": 950.207275,
        "y": 492.78938500000004
      },
      "count": 176
    },
    {
      "id": "com.example.android.lifecycle:id/btn_start_dialog",
      "activity": "com.example.android.lifecycle/com.example.android.lifecycle.ActivityC",
      "coords": {
        "x": 906.260225,
        "y": 485.967515
      },
      "count": 184
    },
    {
      "id": "com.example.android.lifecycle:id/btn_start_b",
      "activity": "com.example.android.lifecycle/com.example.android.lifecycle.ActivityC",
      "coords": {
        "x": 465.36585,
        "y": 502.643065
      },
      "count": 204
    },
    {
      "id": "com.example.android.lifecycle:id/btn_finish_b",
      "activity": "com.example.android.lifecycle/com.example.android.lifecycle.ActivityB",
      "coords": {
        "x": 566.8775499999999,
        "y": 520.59825
      },
      "count": 226
    },
    {
      "id": "com.example.android.lifecycle:id/btn_start_b",
      "activity": "com.example.android.lifecycle/com.example.android.lifecycle.ActivityC",
      "coords": {
        "x": 445.15238999999997,
        "y": 530.7718199999999
      },
      "count": 244
    },
    {
      "id": "com.example.android.lifecycle:id/btn_finish_b",
      "activity": "com.example.android.lifecycle/com.example.android.lifecycle.ActivityB",
      "coords": {
        "x": 576.21955,
        "y": 542.9864
      },
      "count": 344
    },
    {
      "id": "com.example.android.lifecycle:id/btn_start_a",
      "activity": "com.example.android.lifecycle/com.example.android.lifecycle.ActivityC",
      "coords": {
        "x": 289.33832,
        "y": 466.544065
      },
      "count": 348
    },
    {
      "id": "com.example.android.lifecycle:id/btn_start_c",
      "activity": "com.example.android.lifecycle/com.example.android.lifecycle.ActivityA",
      "coords": {
        "x": 394.529115,
        "y": 544.98123
      },
      "count": 390
    },
    {
      "id": "com.example.android.lifecycle:id/btn_finish_c",
      "activity": "com.example.android.lifecycle/com.example.android.lifecycle.ActivityC",
      "coords": {
        "x": 766.7312999999999,
        "y": 517.6082
      },
      "count": 402
    },
    {
      "id": "com.example.android.lifecycle:id/btn_start_b",
      "activity": "com.example.android.lifecycle/com.example.android.lifecycle.ActivityA",
      "coords": {
        "x": 161.399085,
        "y": 512.73613
      },
      "count": 434
    },
    {
      "id": "com.example.android.lifecycle:id/btn_start_a",
      "activity": "com.example.android.lifecycle/com.example.android.lifecycle.ActivityB",
      "coords": {
        "x": 205.617265,
        "y": 453.56827
      },
      "count": 460
    },
    {
      "id": "com.example.android.lifecycle:id/btn_finish_a",
      "activity": "StatusBar",
      "coords": {
        "x": 575.8684499999999,
        "y": 443.37672499999996
      },
      "count": 502
    },
    {
      "id": "com.example.android.lifecycle:id/btn_start_c",
      "activity": "com.example.android.lifecycle/com.example.android.lifecycle.ActivityB",
      "coords": {
        "x": 462.57081500000004,
        "y": 438.02049999999997
      },
      "count": 560
    },
    {
      "id": "com.example.android.lifecycle:id/btn_finish_c",
      "activity": "com.example.android.lifecycle/com.example.android.lifecycle.ActivityC",
      "coords": {
        "x": 760.005125,
        "y": 446.5947
      },
      "count": 600
    },
    {
      "id": "com.example.android.lifecycle:id/btn_start_c",
      "activity": "com.example.android.lifecycle/com.example.android.lifecycle.ActivityB",
      "coords": {
        "x": 494.120635,
        "y": 457.0286
      },
      "count": 634
    },
    {
      "id": "com.example.android.lifecycle:id/btn_finish_c",
      "activity": "com.example.android.lifecycle/com.example.android.lifecycle.ActivityC",
      "coords": {
        "x": 661.31675,
        "y": 547.9116
      },
      "count": 672
    },
    {
      "id": "com.example.android.lifecycle:id/btn_start_c",
      "activity": "com.example.android.lifecycle/com.example.android.lifecycle.ActivityB",
      "coords": {
        "x": 325.850875,
        "y": 479.34497
      },
      "count": 704
    },
    {
      "id": "com.example.android.lifecycle:id/btn_start_b",
      "activity": "com.example.android.lifecycle/com.example.android.lifecycle.ActivityC",
      "coords": {
        "x": 451.01660000000004,
        "y": 472.74746500000003
      },
      "count": 726
    },
    {
      "id": "com.example.android.lifecycle:id/btn_start_dialog",
      "activity": "com.example.android.lifecycle/com.example.android.lifecycle.ActivityB",
      "coords": {
        "x": 889.9881,
        "y": 438.0161
      },
      "count": 748
    },
    {
      "id": "com.example.android.lifecycle:id/btn_start_a",
      "activity": "com.example.android.lifecycle/com.example.android.lifecycle.ActivityB",
      "coords": {
        "x": 213.542855,
        "y": 486.668425
      },
      "count": 756
    },
    {
      "id": "com.example.android.lifecycle:id/btn_start_c",
      "activity": "com.example.android.lifecycle/com.example.android.lifecycle.ActivityA",
      "coords": {
        "x": 481.51515,
        "y": 535.54843
      },
      "count": 772
    },
    {
      "id": "com.example.android.lifecycle:id/btn_start_b",
      "activity": "com.example.android.lifecycle/com.example.android.lifecycle.ActivityC",
      "coords": {
        "x": 387.42013499999996,
        "y": 515.7764
      },
      "count": 856
    },
    {
      "id": "com.example.android.lifecycle:id/btn_start_a",
      "activity": "com.example.android.lifecycle/com.example.android.lifecycle.ActivityB",
      "coords": {
        "x": 202.66279,
        "y": 481.861665
      },
      "count": 858
    },
    {
      "id": "com.example.android.lifecycle:id/btn_start_c",
      "activity": "com.example.android.lifecycle/com.example.android.lifecycle.ActivityA",
      "coords": {
        "x": 400.925615,
        "y": 498.7546
      },
      "count": 894
    },
    {
      "id": "com.example.android.lifecycle:id/btn_start_b",
      "activity": "com.example.android.lifecycle/com.example.android.lifecycle.ActivityC",
      "coords": {
        "x": 314.41495,
        "y": 512.33713
      },
      "count": 904
    },
    {
      "id": "com.example.android.lifecycle:id/btn_start_a",
      "activity": "com.example.android.lifecycle/com.example.android.lifecycle.ActivityB",
      "coords": {
        "x": 204.29410000000001,
        "y": 486.10123999999996
      },
      "count": 932
    }
  ],
  "total_running_time": 1234.28
}