{
  "monkey_command": [
    "adb",
    "shell",
    "monkey",
    "-p",
    "com.example.android.lifecycle",
    "--throttle",
    "1000",
    "-v",
    "-v",
    " --pct-touch ",
    "100",
    "1000"
  ],
  "monkey_output": [],
  "monkey_running_time": 508.82,
  "monkey_seed": "1594735756035",
  "monkey_event_count": 1000,
  "interactions": [
    {
      "launch": "com.example.android.lifecycle/.ActivityA",
      "count": 0
    },
    {
      "id": "com.example.android.lifecycle:id/btn_start_dialog",
      "activity": "com.example.android.lifecycle/com.example.android.lifecycle.ActivityA",
      "coords": {
        "x": 863.8272999999999,
        "y": 436.41627500000004
      },
      "count": 12
    },
    {
      "id": "com.example.android.lifecycle:id/btn_start_b",
      "activity": "com.example.android.lifecycle/com.example.android.lifecycle.ActivityA",
      "coords": {
        "x": 303.59778,
        "y": 458.1569
      },
      "count": 42
    },
    {
      "id": "com.example.android.lifecycle:id/btn_start_dialog",
      "activity": "com.example.android.lifecycle/com.example.android.lifecycle.ActivityB",
      "coords": {
        "x": 892.3032000000001,
        "y": 371.234635
      },
      "count": 56
    },
    {
      "id": "com.example.android.lifecycle:id/btn_start_c",
      "activity": "com.example.android.lifecycle/com.example.android.lifecycle.ActivityB",
      "coords": {
        "x": 352.88272,
        "y": 497.84168999999997
      },
      "count": 116
    },
    {
      "id": "com.example.android.lifecycle:id/btn_start_a",
      "activity": "com.example.android.lifecycle/com.example.android.lifecycle.ActivityC",
      "coords": {
        "x": 303.761385,
        "y": 435.17337
      },
      "count": 144
    },
    {
      "id": "com.example.android.lifecycle:id/btn_start_c",
      "activity": "com.example.android.lifecycle/com.example.android.lifecycle.ActivityA",
      "coords": {
        "x": 520.0276799999999,
        "y": 444.86986
      },
      "count": 186
    },
    {
      "id": "com.example.android.lifecycle:id/btn_start_dialog",
      "activity": "com.example.android.lifecycle/com.example.android.lifecycle.ActivityC",
      "coords": {
        "x": 826.39955,
        "y": 455.8198
      },
      "count": 284
    },
    {
      "id": "com.example.android.lifecycle:id/btn_start_b",
      "activity": "com.example.android.lifecycle/com.example.android.lifecycle.ActivityC",
      "coords": {
        "x": 499.933515,
        "y": 438.84727499999997
      },
      "count": 290
    },
    {
      "id": "com.example.android.lifecycle:id/btn_start_a",
      "activity": "com.example.android.lifecycle/com.example.android.lifecycle.ActivityB",
      "coords": {
        "x": 243.15802,
        "y": 420.8725
      },
      "count": 326
    },
    {
      "id": "com.example.android.lifecycle:id/btn_start_c",
      "activity": "com.example.android.lifecycle/com.example.android.lifecycle.ActivityA",
      "coords": {
        "x": 472.21646,
        "y": 369.16316
      },
      "count": 330
    },
    {
      "id": "com.example.android.lifecycle:id/btn_finish_c",
      "activity": "com.example.android.lifecycle/com.example.android.lifecycle.ActivityC",
      "coords": {
        "x": 598.80915,
        "y": 475.17255
      },
      "count": 372
    },
    {
      "id": "com.example.android.lifecycle:id/btn_start_b",
      "activity": "com.example.android.lifecycle/com.example.android.lifecycle.ActivityA",
      "coords": {
        "x": 186.565635,
        "y": 466.92548999999997
      },
      "count": 402
    },
    {
      "id": "com.example.android.lifecycle:id/btn_start_dialog",
      "activity": "com.example.android.lifecycle/com.example.android.lifecycle.ActivityB",
      "coords": {
        "x": 981.883425,
        "y": 366.33565
      },
      "count": 422
    },
    {
      "id": "com.example.android.lifecycle:id/btn_start_dialog",
      "activity": "com.example.android.lifecycle/com.example.android.lifecycle.ActivityB",
      "coords": {
        "x": 900.621275,
        "y": 376.99759
      },
      "count": 428
    },
    {
      "id": "com.example.android.lifecycle:id/btn_start_dialog",
      "activity": "com.example.android.lifecycle/com.example.android.lifecycle.ActivityB",
      "coords": {
        "x": 782.768675,
        "y": 464.53064
      },
      "count": 486
    },
    {
      "id": "com.example.android.lifecycle:id/btn_start_dialog",
      "activity": "com.example.android.lifecycle/com.example.android.lifecycle.ActivityB",
      "coords": {
        "x": 987.623075,
        "y": 385.85929999999996
      },
      "count": 492
    },
    {
      "id": "com.example.android.lifecycle:id/btn_finish_b",
      "activity": "com.example.android.lifecycle/com.example.android.lifecycle.ActivityB",
      "coords": {
        "x": 709.1409,
        "y": 408.29110000000003
      },
      "count": 534
    },
    {
      "id": "com.example.android.lifecycle:id/btn_start_c",
      "activity": "com.example.android.lifecycle/com.example.android.lifecycle.ActivityA",
      "coords": {
        "x": 500.73168999999996,
        "y": 371.00432
      },
      "count": 544
    },
    {
      "id": "com.example.android.lifecycle:id/btn_start_dialog",
      "activity": "com.example.android.lifecycle/com.example.android.lifecycle.ActivityC",
      "coords": {
        "x": 982.77165,
        "y": 393.468565
      },
      "count": 564
    },
    {
      "id": "com.example.android.lifecycle:id/btn_finish_c",
      "activity": "com.example.android.lifecycle/com.example.android.lifecycle.ActivityC",
      "coords": {
        "x": 577.30075,
        "y": 412.528765
      },
      "count": 720
    },
    {
      "id": "com.example.android.lifecycle:id/btn_start_dialog",
      "activity": "com.example.android.lifecycle/com.example.android.lifecycle.ActivityA",
      "coords": {
        "x": 856.62265,
        "y": 397.05632
      },
      "count": 740
    },
    {
      "id": "com.example.android.lifecycle:id/btn_start_b",
      "activity": "com.example.android.lifecycle/com.example.android.lifecycle.ActivityA",
      "coords": {
        "x": 218.586135,
        "y": 393.50705
      },
      "count": 756
    },
    {
      "id": "com.example.android.lifecycle:id/btn_finish_b",
      "activity": "com.example.android.lifecycle/com.example.android.lifecycle.ActivityB",
      "coords": {
        "x": 728.845275,
        "y": 479.38234
      },
      "count": 902
    },
    {
      "id": "com.example.android.lifecycle:id/btn_start_c",
      "activity": "com.example.android.lifecycle/com.example.android.lifecycle.ActivityA",
      "coords": {
        "x": 369.60881,
        "y": 446.1685
      },
      "count": 924
    },
    {
      "id": "com.example.android.lifecycle:id/btn_start_dialog",
      "activity": "com.example.android.lifecycle/com.example.android.lifecycle.ActivityC",
      "coords": {
        "x": 992.9291000000001,
        "y": 364.96085
      },
      "count": 960
    },
    {
      "id": "com.example.android.lifecycle:id/btn_start_dialog",
      "activity": "com.example.android.lifecycle/com.example.android.lifecycle.ActivityC",
      "coords": {
        "x": 781.37445,
        "y": 402.636825
      },
      "count": 976
    }
  ],
  "total_running_time": 1744.16
}