{
  "monkey_command": [
    "adb",
    "shell",
    "monkey",
    "-p",
    "com.example.android.lifecycle",
    "--throttle",
    "1000",
    "-v",
    "-v",
    " --pct-touch ",
    "100",
    "1000"
  ],
  "monkey_output": [],
  "monkey_running_time": 509.31,
  "monkey_seed": "1594893218240",
  "monkey_event_count": 1000,
  "interactions": [
    {
      "launch": "com.example.android.lifecycle/.ActivityA",
      "count": 0
    },
    {
      "id": "com.example.android.lifecycle:id/btn_start_dialog",
      "activity": "com.example.android.lifecycle/com.example.android.lifecycle.ActivityA",
      "coords": {
        "x": 988.82007,
        "y": 481.65515
      },
      "count": 16
    },
    {
      "id": "com.example.android.lifecycle:id/btn_start_b",
      "activity": "com.example.android.lifecycle/com.example.android.lifecycle.ActivityA",
      "coords": {
        "x": 94.50636,
        "y": 485.77272
      },
      "count": 34
    },
    {
      "id": "com.example.android.lifecycle:id/btn_start_dialog",
      "activity": "com.example.android.lifecycle/com.example.android.lifecycle.ActivityB",
      "coords": {
        "x": 881.9895,
        "y": 408.409365
      },
      "count": 42
    },
    {
      "id": "com.example.android.lifecycle:id/btn_start_c",
      "activity": "com.example.android.lifecycle/com.example.android.lifecycle.ActivityB",
      "coords": {
        "x": 438.737885,
        "y": 469.72339999999997
      },
      "count": 52
    },
    {
      "id": "com.example.android.lifecycle:id/btn_start_a",
      "activity": "com.example.android.lifecycle/com.example.android.lifecycle.ActivityC",
      "coords": {
        "x": 282.18762000000004,
        "y": 390.12246500000003
      },
      "count": 192
    },
    {
      "id": "com.example.android.lifecycle:id/btn_finish_a",
      "activity": "com.example.android.lifecycle/com.example.android.lifecycle.ActivityA",
      "coords": {
        "x": 632.534975,
        "y": 482.14495
      },
      "count": 216
    },
    {
      "id": "com.example.android.lifecycle:id/btn_start_dialog",
      "activity": "com.example.android.lifecycle/com.example.android.lifecycle.ActivityC",
      "coords": {
        "x": 1003.24885,
        "y": 464.36485
      },
      "count": 298
    },
    {
      "id": "com.example.android.lifecycle:id/btn_start_dialog",
      "activity": "com.example.android.lifecycle/com.example.android.lifecycle.ActivityC",
      "coords": {
        "x": 787.1212,
        "y": 408.03576499999997
      },
      "count": 346
    },
    {
      "id": "com.example.android.lifecycle:id/btn_finish_c",
      "activity": "com.example.android.lifecycle/com.example.android.lifecycle.ActivityC",
      "coords": {
        "x": 643.240785,
        "y": 420.14005
      },
      "count": 372
    },
    {
      "id": "com.example.android.lifecycle:id/btn_finish_b",
      "activity": "com.example.android.lifecycle/com.example.android.lifecycle.ActivityB",
      "coords": {
        "x": 722.57602,
        "y": 464.973235
      },
      "count": 460
    },
    {
      "id": "com.example.android.lifecycle:id/btn_start_c",
      "activity": "com.example.android.lifecycle/com.example.android.lifecycle.ActivityA",
      "coords": {
        "x": 421.81985,
        "y": 436.67508
      },
      "count": 488
    },
    {
      "id": "com.example.android.lifecycle:id/btn_finish_c",
      "activity": "com.example.android.lifecycle/com.example.android.lifecycle.ActivityC",
      "coords": {
        "x": 635.868075,
        "y": 376.54674
      },
      "count": 620
    },
    {
      "id": "com.example.android.lifecycle:id/btn_start_c",
      "activity": "com.example.android.lifecycle/com.example.android.lifecycle.ActivityA",
      "coords": {
        "x": 514.383165,
        "y": 404.2828
      },
      "count": 630
    },
    {
      "id": "com.example.android.lifecycle:id/btn_start_dialog",
      "activity": "com.example.android.lifecycle/com.example.android.lifecycle.ActivityC",
      "coords": {
        "x": 811.241575,
        "y": 473.90272500000003
      },
      "count": 680
    },
    {
      "id": "com.example.android.lifecycle:id/btn_finish_c",
      "activity": "com.example.android.lifecycle/com.example.android.lifecycle.ActivityC",
      "coords": {
        "x": 757.5753500000001,
        "y": 466.93622
      },
      "count": 686
    },
    {
      "id": "com.example.android.lifecycle:id/btn_start_b",
      "activity": "com.example.android.lifecycle/com.example.android.lifecycle.ActivityA",
      "coords": {
        "x": 137.22872,
        "y": 381.36582999999996
      },
      "count": 708
    },
    {
      "id": "com.example.android.lifecycle:id/btn_start_dialog",
      "activity": "com.example.android.lifecycle/com.example.android.lifecycle.ActivityB",
      "coords": {
        "x": 1008.73315,
        "y": 402.879975
      },
      "count": 764
    },
    {
      "id": "com.example.android.lifecycle:id/btn_start_dialog",
      "activity": "com.example.android.lifecycle/com.example.android.lifecycle.ActivityB",
      "coords": {
        "x": 888.7763649999999,
        "y": 446.64412
      },
      "count": 800
    },
    {
      "id": "com.example.android.lifecycle:id/btn_start_a",
      "activity": "com.example.android.lifecycle/com.example.android.lifecycle.ActivityB",
      "coords": {
        "x": 136.3965,
        "y": 479.57626500000003
      },
      "count": 822
    },
    {
      "id": "com.example.android.lifecycle:id/btn_finish_a",
      "activity": "com.example.android.lifecycle/com.example.android.lifecycle.ActivityA",
      "coords": {
        "x": 756.0798,
        "y": 419.18521
      },
      "count": 870
    },
    {
      "id": "com.example.android.lifecycle:id/btn_start_a",
      "activity": "com.example.android.lifecycle/com.example.android.lifecycle.ActivityB",
      "coords": {
        "x": 272.019625,
        "y": 374.57004
      },
      "count": 890
    },
    {
      "id": "com.example.android.lifecycle:id/btn_finish_a",
      "activity": "com.example.android.lifecycle/com.example.android.lifecycle.ActivityA",
      "coords": {
        "x": 613.69812,
        "y": 485.11766
      },
      "count": 900
    },
    {
      "id": "com.example.android.lifecycle:id/btn_finish_b",
      "activity": "com.example.android.lifecycle/com.example.android.lifecycle.ActivityB",
      "coords": {
        "x": 548.0774,
        "y": 389.53520000000003
      },
      "count": 902
    },
    {
      "id": "com.example.android.lifecycle:id/btn_finish_a",
      "activity": "com.example.android.lifecycle/com.example.android.lifecycle.ActivityA",
      "coords": {
        "x": 756.1277,
        "y": 384.8819
      },
      "count": 952
    }
  ],
  "total_running_time": 1741.87
}