{
  "monkey_command": [
    "adb",
    "shell",
    "monkey",
    "-p",
    "com.example.android.lifecycle",
    "--throttle",
    "1000",
    "-v",
    "-v",
    " --pct-touch ",
    "100",
    "1000"
  ],
  "monkey_output": [],
  "monkey_running_time": 508.52,
  "monkey_seed": "1594884726475",
  "monkey_event_count": 1000,
  "interactions": [
    {
      "launch": "com.example.android.lifecycle/.ActivityA",
      "count": 0
    },
    {
      "id": "com.example.android.lifecycle:id/btn_start_c",
      "activity": "com.example.android.lifecycle/com.example.android.lifecycle.ActivityA",
      "coords": {
        "x": 506.9927,
        "y": 449.62364
      },
      "count": 18
    },
    {
      "id": "com.example.android.lifecycle:id/btn_start_b",
      "activity": "com.example.android.lifecycle/com.example.android.lifecycle.ActivityC",
      "coords": {
        "x": 498.16665,
        "y": 425.45962499999996
      },
      "count": 36
    },
    {
      "id": "com.example.android.lifecycle:id/btn_start_dialog",
      "activity": "com.example.android.lifecycle/com.example.android.lifecycle.ActivityB",
      "coords": {
        "x": 787.5568499999999,
        "y": 423.15295000000003
      },
      "count": 60
    },
    {
      "id": "com.example.android.lifecycle:id/btn_start_c",
      "activity": "com.example.android.lifecycle/com.example.android.lifecycle.ActivityB",
      "coords": {
        "x": 402.127335,
        "y": 399.567625
      },
      "count": 144
    },
    {
      "id": "com.example.android.lifecycle:id/btn_start_b",
      "activity": "com.example.android.lifecycle/com.example.android.lifecycle.ActivityC",
      "coords": {
        "x": 397.94178999999997,
        "y": 390.97229
      },
      "count": 148
    },
    {
      "id": "com.example.android.lifecycle:id/btn_start_dialog",
      "activity": "com.example.android.lifecycle/com.example.android.lifecycle.ActivityB",
      "coords": {
        "x": 954.11307,
        "y": 396.0493
      },
      "count": 226
    },
    {
      "id": "com.example.android.lifecycle:id/btn_start_dialog",
      "activity": "com.example.android.lifecycle/com.example.android.lifecycle.ActivityB",
      "coords": {
        "x": 957.157685,
        "y": 399.4661
      },
      "count": 252
    },
    {
      "id": "com.example.android.lifecycle:id/btn_start_a",
      "activity": "com.example.android.lifecycle/com.example.android.lifecycle.ActivityB",
      "coords": {
        "x": 224.591825,
        "y": 416.225
      },
      "count": 262
    },
    {
      "id": "com.example.android.lifecycle:id/btn_start_b",
      "activity": "com.example.android.lifecycle/com.example.android.lifecycle.ActivityA",
      "coords": {
        "x": 254.80057,
        "y": 483.00005999999996
      },
      "count": 296
    },
    {
      "id": "com.example.android.lifecycle:id/btn_start_dialog",
      "activity": "com.example.android.lifecycle/com.example.android.lifecycle.ActivityB",
      "coords": {
        "x": 890.67407,
        "y": 439.78171
      },
      "count": 384
    },
    {
      "id": "com.example.android.lifecycle:id/btn_start_a",
      "activity": "com.example.android.lifecycle/com.example.android.lifecycle.ActivityB",
      "coords": {
        "x": 293.94566499999996,
        "y": 486.557235
      },
      "count": 416
    },
    {
      "id": "com.example.android.lifecycle:id/btn_start_dialog",
      "activity": "com.example.android.lifecycle/com.example.android.lifecycle.ActivityA",
      "coords": {
        "x": 964.2616499999999,
        "y": 419.392915
      },
      "count": 436
    },
    {
      "id": "com.example.android.lifecycle:id/btn_start_c",
      "activity": "com.example.android.lifecycle/com.example.android.lifecycle.ActivityA",
      "coords": {
        "x": 360.38286,
        "y": 431.85925
      },
      "count": 504
    },
    {
      "id": "com.example.android.lifecycle:id/btn_start_a",
      "activity": "com.example.android.lifecycle/com.example.android.lifecycle.ActivityC",
      "coords": {
        "x": 298.74177499999996,
        "y": 410.890975
      },
      "count": 514
    },
    {
      "id": "com.example.android.lifecycle:id/btn_start_c",
      "activity": "com.example.android.lifecycle/com.example.android.lifecycle.ActivityA",
      "coords": {
        "x": 361.82779,
        "y": 452.93330000000003
      },
      "count": 530
    },
    {
      "id": "com.example.android.lifecycle:id/btn_finish_c",
      "activity": "com.example.android.lifecycle/com.example.android.lifecycle.ActivityC",
      "coords": {
        "x": 590.4555,
        "y": 372.11953500000004
      },
      "count": 568
    },
    {
      "id": "com.example.android.lifecycle:id/btn_start_b",
      "activity": "com.example.android.lifecycle/com.example.android.lifecycle.ActivityA",
      "coords": {
        "x": 92.90526,
        "y": 445.713575
      },
      "count": 602
    },
    {
      "id": "com.example.android.lifecycle:id/btn_finish_b",
      "activity": "com.example.android.lifecycle/com.example.android.lifecycle.ActivityB",
      "coords": {
        "x": 683.3865000000001,
        "y": 489.79359999999997
      },
      "count": 620
    },
    {
      "id": "com.example.android.lifecycle:id/btn_start_b",
      "activity": "com.example.android.lifecycle/com.example.android.lifecycle.ActivityA",
      "coords": {
        "x": 224.86875,
        "y": 472.208525
      },
      "count": 626
    },
    {
      "id": "com.example.android.lifecycle:id/btn_finish_b",
      "activity": "com.example.android.lifecycle/com.example.android.lifecycle.ActivityB",
      "coords": {
        "x": 591.0002,
        "y": 419.721085
      },
      "count": 752
    },
    {
      "id": "com.example.android.lifecycle:id/btn_start_b",
      "activity": "com.example.android.lifecycle/com.example.android.lifecycle.ActivityA",
      "coords": {
        "x": 179.33262000000002,
        "y": 419.81056
      },
      "count": 760
    },
    {
      "id": "com.example.android.lifecycle:id/btn_start_dialog",
      "activity": "com.example.android.lifecycle/com.example.android.lifecycle.ActivityB",
      "coords": {
        "x": 821.98822,
        "y": 405.180925
      },
      "count": 766
    },
    {
      "id": "com.example.android.lifecycle:id/btn_finish_b",
      "activity": "com.example.android.lifecycle/com.example.android.lifecycle.ActivityB",
      "coords": {
        "x": 626.146,
        "y": 466.65340000000003
      },
      "count": 796
    },
    {
      "id": "com.example.android.lifecycle:id/btn_start_b",
      "activity": "com.example.android.lifecycle/com.example.android.lifecycle.ActivityA",
      "coords": {
        "x": 120.80386,
        "y": 403.968325
      },
      "count": 860
    },
    {
      "id": "com.example.android.lifecycle:id/btn_start_a",
      "activity": "com.example.android.lifecycle/com.example.android.lifecycle.ActivityB",
      "coords": {
        "x": 159.54953,
        "y": 482.70695
      },
      "count": 888
    }
  ],
  "total_running_time": 1731.74
}