{"monkey_command": ["adb", "shell", "monkey", "-p", "com.example.android.lifecycle", "--throttle", "1000", "-v", "-v", " --pct-touch ", "100", "1000"], "monkey_output": [], "monkey_running_time": 506.54, "monkey_seed": "1594865490685", "monkey_event_count": 1000, "interactions": [{"launch": "com.example.android.lifecycle/.ActivityA", "count": 0}, {"id": "com.example.android.lifecycle:id/btn_start_dialog", "activity": "com.example.android.lifecycle/com.example.android.lifecycle.ActivityA", "coords": {"x": 937.6129000000001, "y": 379.98221}, "count": 8}, {"id": "com.example.android.lifecycle:id/btn_start_b", "activity": "com.example.android.lifecycle/com.example.android.lifecycle.ActivityA", "coords": {"x": 122.19587, "y": 400.74643000000003}, "count": 24}, {"id": "com.example.android.lifecycle:id/btn_start_dialog", "activity": "com.example.android.lifecycle/com.example.android.lifecycle.ActivityB", "coords": {"x": 822.12095, "y": 377.14688}, "count": 40}, {"id": "com.example.android.lifecycle:id/btn_start_dialog", "activity": "com.example.android.lifecycle/com.example.android.lifecycle.ActivityB", "coords": {"x": 934.697, "y": 379.68773}, "count": 86}, {"id": "com.example.android.lifecycle:id/btn_start_a", "activity": "com.example.android.lifecycle/com.example.android.lifecycle.ActivityB", "coords": {"x": 300.623415, "y": 449.89195}, "count": 98}, {"id": "com.example.android.lifecycle:id/btn_finish_a", "activity": "com.example.android.lifecycle/com.example.android.lifecycle.ActivityA", "coords": {"x": 638.8081, "y": 394.31205}, "count": 102}, {"id": "com.example.android.lifecycle:id/btn_start_a", "activity": "com.example.android.lifecycle/com.example.android.lifecycle.ActivityB", "coords": {"x": 235.62877500000002, "y": 390.01288}, "count": 148}, {"id": "com.example.android.lifecycle:id/btn_start_b", "activity": "com.example.android.lifecycle/com.example.android.lifecycle.ActivityA", "coords": {"x": 196.68322, "y": 484.30725}, "count": 182}, {"id": "com.example.android.lifecycle:id/btn_start_dialog", "activity": "com.example.android.lifecycle/com.example.android.lifecycle.ActivityB", "coords": {"x": 857.1422749999999, "y": 427.58406}, "count": 194}, {"id": "com.example.android.lifecycle:id/btn_start_c", "activity": "com.example.android.lifecycle/com.example.android.lifecycle.ActivityB", "coords": {"x": 345.87791500000003, "y": 373.34761000000003}, "count": 200}, {"id": "com.example.android.lifecycle:id/btn_start_a", "activity": "com.example.android.lifecycle/com.example.android.lifecycle.ActivityC", "coords": {"x": 123.850825, "y": 376.06012}, "count": 274}, {"id": "com.example.android.lifecycle:id/btn_start_c", "activity": "com.example.android.lifecycle/com.example.android.lifecycle.ActivityA", "coords": {"x": 477.5548, "y": 486.33937000000003}, "count": 302}, {"id": "com.example.android.lifecycle:id/btn_start_a", "activity": "com.example.android.lifecycle/com.example.android.lifecycle.ActivityC", "coords": {"x": 212.227915, "y": 414.135635}, "count": 330}, {"id": "com.example.android.lifecycle:id/btn_finish_a", "activity": "com.example.android.lifecycle/com.example.android.lifecycle.ActivityA", "coords": {"x": 734.788, "y": 445.9415}, "count": 364}, {"id": "com.example.android.lifecycle:id/btn_start_b", "activity": "com.example.android.lifecycle/com.example.android.lifecycle.ActivityC", "coords": {"x": 379.21814, "y": 479.98651}, "count": 384}, {"id": "com.example.android.lifecycle:id/btn_start_dialog", "activity": "com.example.android.lifecycle/com.example.android.lifecycle.ActivityB", "coords": {"x": 944.319735, "y": 389.52762}, "count": 388}, {"id": "com.example.android.lifecycle:id/btn_start_dialog", "activity": "com.example.android.lifecycle/com.example.android.lifecycle.ActivityB", "coords": {"x": 894.77995, "y": 367.83315}, "count": 496}, {"id": "com.example.android.lifecycle:id/btn_finish_b", "activity": "com.example.android.lifecycle/com.example.android.lifecycle.ActivityB", "coords": {"x": 630.3636799999999, "y": 378.16805999999997}, "count": 500}, {"id": "com.example.android.lifecycle:id/btn_start_b", "activity": "com.example.android.lifecycle/com.example.android.lifecycle.ActivityC", "coords": {"x": 436.78633, "y": 479.79262}, "count": 514}, {"id": "com.example.android.lifecycle:id/btn_start_c", "activity": "com.example.android.lifecycle/com.example.android.lifecycle.ActivityB", "coords": {"x": 343.279585, "y": 391.46301500000004}, "count": 548}, {"id": "com.example.android.lifecycle:id/btn_start_dialog", "activity": "com.example.android.lifecycle/com.example.android.lifecycle.ActivityC", "coords": {"x": 868.449065, "y": 459.35366999999997}, "count": 594}, {"id": "com.example.android.lifecycle:id/btn_finish_c", "activity": "com.example.android.lifecycle/com.example.android.lifecycle.ActivityC", "coords": {"x": 607.32185, "y": 360.3435}, "count": 630}, {"id": "com.example.android.lifecycle:id/btn_start_dialog", "activity": "com.example.android.lifecycle/com.example.android.lifecycle.ActivityB", "coords": {"x": 778.6342999999999, "y": 452.35953}, "count": 636}, {"id": "com.example.android.lifecycle:id/btn_start_dialog", "activity": "com.example.android.lifecycle/com.example.android.lifecycle.ActivityB", "coords": {"x": 926.93692, "y": 465.71029999999996}, "count": 674}, {"id": "com.example.android.lifecycle:id/btn_start_c", "activity": "com.example.android.lifecycle/com.example.android.lifecycle.ActivityB", "coords": {"x": 332.0614, "y": 398.12674000000004}, "count": 696}, {"id": "com.example.android.lifecycle:id/btn_start_dialog", "activity": "com.example.android.lifecycle/com.example.android.lifecycle.ActivityC", "coords": {"x": 850.1674, "y": 399.72342000000003}, "count": 756}, {"id": "com.example.android.lifecycle:id/btn_start_b", "activity": "com.example.android.lifecycle/com.example.android.lifecycle.ActivityC", "coords": {"x": 529.12865, "y": 442.80551}, "count": 802}, {"id": "com.example.android.lifecycle:id/btn_start_dialog", "activity": "com.example.android.lifecycle/com.example.android.lifecycle.ActivityB", "coords": {"x": 772.4737, "y": 451.3796}, "count": 804}, {"id": "com.example.android.lifecycle:id/btn_start_dialog", "activity": "com.example.android.lifecycle/com.example.android.lifecycle.ActivityB", "coords": {"x": 922.89047, "y": 461.79283}, "count": 818}, {"id": "com.example.android.lifecycle:id/btn_finish_b", "activity": "com.example.android.lifecycle/com.example.android.lifecycle.ActivityB", "coords": {"x": 580.3797500000001, "y": 449.25801}, "count": 844}, {"id": "com.example.android.lifecycle:id/btn_start_a", "activity": "com.example.android.lifecycle/com.example.android.lifecycle.ActivityC", "coords": {"x": 229.55803, "y": 397.762085}, "count": 912}, {"id": "com.example.android.lifecycle:id/btn_start_dialog", "activity": "com.example.android.lifecycle/com.example.android.lifecycle.ActivityA", "coords": {"x": 785.46025, "y": 368.7229}, "count": 916}, {"id": "com.example.android.lifecycle:id/btn_finish_a", "activity": "com.example.android.lifecycle/com.example.android.lifecycle.ActivityA", "coords": {"x": 693.3813, "y": 393.72952499999997}, "count": 956}, {"id": "com.example.android.lifecycle:id/btn_start_dialog", "activity": "com.example.android.lifecycle/com.example.android.lifecycle.ActivityC", "coords": {"x": 947.21048, "y": 408.493025}, "count": 992}], "total_running_time": 1749.4}