{
  "monkey_command": [
    "adb",
    "shell",
    "monkey",
    "-p",
    "com.example.android.lifecycle",
    "--throttle",
    "1000",
    "-v",
    "-v",
    " --pct-touch ",
    "100",
    "1000"
  ],
  "monkey_output": [],
  "monkey_running_time": 506.14,
  "monkey_seed": "1594742388861",
  "monkey_event_count": 1000,
  "interactions": [
    {
      "launch": "com.example.android.lifecycle/.ActivityA",
      "count": 0
    },
    {
      "id": "com.example.android.lifecycle:id/btn_start_c",
      "activity": "com.example.android.lifecycle/com.example.android.lifecycle.ActivityA",
      "coords": {
        "x": 471.676375,
        "y": 414.37976000000003
      },
      "count": 12
    },
    {
      "id": "com.example.android.lifecycle:id/btn_start_b",
      "activity": "com.example.android.lifecycle/com.example.android.lifecycle.ActivityC",
      "coords": {
        "x": 331.110365,
        "y": 399.28675999999996
      },
      "count": 52
    },
    {
      "id": "com.example.android.lifecycle:id/btn_start_a",
      "activity": "com.example.android.lifecycle/com.example.android.lifecycle.ActivityB",
      "coords": {
        "x": 203.79513500000002,
        "y": 486.7505
      },
      "count": 62
    },
    {
      "id": "com.example.android.lifecycle:id/btn_start_dialog",
      "activity": "com.example.android.lifecycle/com.example.android.lifecycle.ActivityA",
      "coords": {
        "x": 787.2227800000001,
        "y": 475.1547
      },
      "count": 68
    },
    {
      "id": "com.example.android.lifecycle:id/btn_start_dialog",
      "activity": "com.example.android.lifecycle/com.example.android.lifecycle.ActivityA",
      "coords": {
        "x": 846.4150999999999,
        "y": 490.78586
      },
      "count": 110
    },
    {
      "id": "com.example.android.lifecycle:id/btn_start_b",
      "activity": "com.example.android.lifecycle/com.example.android.lifecycle.ActivityA",
      "coords": {
        "x": 177.63627,
        "y": 368.17764999999997
      },
      "count": 120
    },
    {
      "id": "com.example.android.lifecycle:id/btn_finish_b",
      "activity": "com.example.android.lifecycle/com.example.android.lifecycle.ActivityB",
      "coords": {
        "x": 542.5889,
        "y": 449.5561
      },
      "count": 124
    },
    {
      "id": "com.example.android.lifecycle:id/btn_finish_a",
      "activity": "com.example.android.lifecycle/com.example.android.lifecycle.ActivityA",
      "coords": {
        "x": 548.2535700000001,
        "y": 468.830415
      },
      "count": 176
    },
    {
      "id": "com.example.android.lifecycle:id/btn_start_a",
      "activity": "com.example.android.lifecycle/com.example.android.lifecycle.ActivityB",
      "coords": {
        "x": 180.39775,
        "y": 394.1372
      },
      "count": 178
    },
    {
      "id": "com.example.android.lifecycle:id/btn_start_b",
      "activity": "com.example.android.lifecycle/com.example.android.lifecycle.ActivityA",
      "coords": {
        "x": 115.91406,
        "y": 388.8241
      },
      "count": 180
    },
    {
      "id": "com.example.android.lifecycle:id/btn_finish_b",
      "activity": "com.example.android.lifecycle/com.example.android.lifecycle.ActivityB",
      "coords": {
        "x": 659.30957,
        "y": 443.20996
      },
      "count": 204
    },
    {
      "id": "com.example.android.lifecycle:id/btn_start_dialog",
      "activity": "com.example.android.lifecycle/com.example.android.lifecycle.ActivityA",
      "coords": {
        "x": 874.0911249999999,
        "y": 473.034485
      },
      "count": 206
    },
    {
      "id": "com.example.android.lifecycle:id/btn_start_c",
      "activity": "com.example.android.lifecycle/com.example.android.lifecycle.ActivityA",
      "coords": {
        "x": 431.85771,
        "y": 463.914215
      },
      "count": 266
    },
    {
      "id": "com.example.android.lifecycle:id/btn_finish_c",
      "activity": "com.example.android.lifecycle/com.example.android.lifecycle.ActivityC",
      "coords": {
        "x": 639.53943,
        "y": 487.69037000000003
      },
      "count": 372
    },
    {
      "id": "com.example.android.lifecycle:id/btn_start_c",
      "activity": "com.example.android.lifecycle/com.example.android.lifecycle.ActivityA",
      "coords": {
        "x": 532.7567750000001,
        "y": 421.88575000000003
      },
      "count": 386
    },
    {
      "id": "com.example.android.lifecycle:id/btn_start_dialog",
      "activity": "com.example.android.lifecycle/com.example.android.lifecycle.ActivityC",
      "coords": {
        "x": 950.8932500000001,
        "y": 410.07669999999996
      },
      "count": 392
    },
    {
      "id": "com.example.android.lifecycle:id/btn_start_dialog",
      "activity": "com.example.android.lifecycle/com.example.android.lifecycle.ActivityC",
      "coords": {
        "x": 806.1291,
        "y": 379.670075
      },
      "count": 404
    },
    {
      "id": "com.example.android.lifecycle:id/btn_start_a",
      "activity": "com.example.android.lifecycle/com.example.android.lifecycle.ActivityC",
      "coords": {
        "x": 192.87975,
        "y": 426.00943
      },
      "count": 408
    },
    {
      "id": "com.example.android.lifecycle:id/btn_finish_a",
      "activity": "com.example.android.lifecycle/com.example.android.lifecycle.ActivityA",
      "coords": {
        "x": 735.58618,
        "y": 475.50329999999997
      },
      "count": 418
    },
    {
      "id": "com.example.android.lifecycle:id/btn_finish_c",
      "activity": "com.example.android.lifecycle/com.example.android.lifecycle.ActivityC",
      "coords": {
        "x": 698.4340500000001,
        "y": 430.133775
      },
      "count": 448
    },
    {
      "id": "com.example.android.lifecycle:id/btn_start_dialog",
      "activity": "com.example.android.lifecycle/com.example.android.lifecycle.ActivityA",
      "coords": {
        "x": 951.94385,
        "y": 414.01857
      },
      "count": 456
    },
    {
      "id": "com.example.android.lifecycle:id/btn_finish_a",
      "activity": "com.example.android.lifecycle/com.example.android.lifecycle.ActivityA",
      "coords": {
        "x": 640.57898,
        "y": 429.16664000000003
      },
      "count": 538
    },
    {
      "id": "com.example.android.lifecycle:id/btn_finish_b",
      "activity": "com.example.android.lifecycle/com.example.android.lifecycle.ActivityB",
      "coords": {
        "x": 637.0464,
        "y": 416.228075
      },
      "count": 580
    },
    {
      "id": "com.example.android.lifecycle:id/btn_start_dialog",
      "activity": "com.example.android.lifecycle/com.example.android.lifecycle.ActivityC",
      "coords": {
        "x": 925.86212,
        "y": 399.32004
      },
      "count": 608
    },
    {
      "id": "com.example.android.lifecycle:id/btn_finish_c",
      "activity": "com.example.android.lifecycle/com.example.android.lifecycle.ActivityC",
      "coords": {
        "x": 772.16485,
        "y": 361.06027
      },
      "count": 626
    },
    {
      "id": "com.example.android.lifecycle:id/btn_start_c",
      "activity": "com.example.android.lifecycle/com.example.android.lifecycle.ActivityA",
      "coords": {
        "x": 357.95816,
        "y": 467.981275
      },
      "count": 648
    },
    {
      "id": "com.example.android.lifecycle:id/btn_start_a",
      "activity": "com.example.android.lifecycle/com.example.android.lifecycle.ActivityC",
      "coords": {
        "x": 202.31011,
        "y": 471.0512
      },
      "count": 652
    },
    {
      "id": "com.example.android.lifecycle:id/btn_start_c",
      "activity": "com.example.android.lifecycle/com.example.android.lifecycle.ActivityA",
      "coords": {
        "x": 366.558135,
        "y": 413.3641
      },
      "count": 654
    },
    {
      "id": "com.example.android.lifecycle:id/btn_start_a",
      "activity": "com.example.android.lifecycle/com.example.android.lifecycle.ActivityC",
      "coords": {
        "x": 111.0113525,
        "y": 443.71892
      },
      "count": 660
    },
    {
      "id": "com.example.android.lifecycle:id/btn_start_c",
      "activity": "com.example.android.lifecycle/com.example.android.lifecycle.ActivityA",
      "coords": {
        "x": 538.871035,
        "y": 381.21285
      },
      "count": 672
    },
    {
      "id": "com.example.android.lifecycle:id/btn_start_a",
      "activity": "com.example.android.lifecycle/com.example.android.lifecycle.ActivityC",
      "coords": {
        "x": 256.1348,
        "y": 445.73978999999997
      },
      "count": 802
    },
    {
      "id": "com.example.android.lifecycle:id/btn_finish_a",
      "activity": "com.example.android.lifecycle/com.example.android.lifecycle.ActivityA",
      "coords": {
        "x": 756.55823,
        "y": 468.3632
      },
      "count": 822
    },
    {
      "id": "com.example.android.lifecycle:id/btn_start_a",
      "activity": "com.example.android.lifecycle/com.example.android.lifecycle.ActivityC",
      "coords": {
        "x": 168.91462,
        "y": 425.49604999999997
      },
      "count": 840
    },
    {
      "id": "com.example.android.lifecycle:id/btn_start_dialog",
      "activity": "com.example.android.lifecycle/com.example.android.lifecycle.ActivityA",
      "coords": {
        "x": 831.605315,
        "y": 442.52738999999997
      },
      "count": 844
    },
    {
      "id": "com.example.android.lifecycle:id/btn_start_dialog",
      "activity": "com.example.android.lifecycle/com.example.android.lifecycle.ActivityA",
      "coords": {
        "x": 771.3870999999999,
        "y": 434.0887
      },
      "count": 868
    },
    {
      "id": "com.example.android.lifecycle:id/btn_start_c",
      "activity": "com.example.android.lifecycle/com.example.android.lifecycle.ActivityA",
      "coords": {
        "x": 390.77369999999996,
        "y": 408.25741500000004
      },
      "count": 878
    },
    {
      "id": "com.example.android.lifecycle:id/btn_start_dialog",
      "activity": "com.example.android.lifecycle/com.example.android.lifecycle.ActivityC",
      "coords": {
        "x": 989.4211,
        "y": 405.43937500000004
      },
      "count": 888
    },
    {
      "id": "com.example.android.lifecycle:id/btn_start_b",
      "activity": "com.example.android.lifecycle/com.example.android.lifecycle.ActivityC",
      "coords": {
        "x": 531.2742499999999,
        "y": 448.03557
      },
      "count": 894
    },
    {
      "id": "com.example.android.lifecycle:id/btn_finish_b",
      "activity": "com.example.android.lifecycle/com.example.android.lifecycle.ActivityB",
      "coords": {
        "x": 580.09295,
        "y": 397.621215
      },
      "count": 912
    },
    {
      "id": "com.example.android.lifecycle:id/btn_start_b",
      "activity": "com.example.android.lifecycle/com.example.android.lifecycle.ActivityC",
      "coords": {
        "x": 406.92952,
        "y": 409.44124
      },
      "count": 940
    },
    {
      "id": "com.example.android.lifecycle:id/btn_start_dialog",
      "activity": "com.example.android.lifecycle/com.example.android.lifecycle.ActivityB",
      "coords": {
        "x": 829.4228499999999,
        "y": 415.77179
      },
      "count": 982
    },
    {
      "id": "com.example.android.lifecycle:id/btn_start_a",
      "activity": "com.example.android.lifecycle/com.example.android.lifecycle.ActivityB",
      "coords": {
        "x": 267.02527,
        "y": 404.77682500000003
      },
      "count": 988
    },
    {
      "id": "com.example.android.lifecycle:id/btn_start_dialog",
      "activity": "com.example.android.lifecycle/com.example.android.lifecycle.ActivityA",
      "coords": {
        "x": 867.58713,
        "y": 390.972215
      },
      "count": 998
    }
  ],
  "total_running_time": 1755.44
}